{
    "Group :Line": {
        "Vector2 :TextureSize": [
            100.0,
            100.0
        ],
        "Vector3 :SpriteScale": [
            0.10000000149011612,
            1.0,
            0.0
        ],
        "float :LengthMax": 6000.0,
        "float :PositionZ": -100.0,
        "float :RecordingTime": 0.009999999776482582
    },
    "Group :MeetingPlace": {
        "Vector2 :TextureSize": [
            128.0,
            128.0
        ],
        "Vector3 :SpriteScale": [
            0.30000001192092896,
            0.30000001192092896,
            0.0
        ],
        "float :PositionZ": 0.0,
        "int32_t :ChangeIndexFrame": 4,
        "int32_t :IndexMaxX": 4
    },
    "Group :Mouse": {
        "Vector3 :MouseSpriteScale": [
            1.0,
            2.0,
            0.0
        ],
        "float :DragCertifiedDistance": 15.0
    },
    "Group :Wall": {
        "Vector2 :TextureSize": [
            100.0,
            100.0
        ],
        "Vector3 :SpriteScale": [
            0.30000001192092896,
            1.2000000476837158,
            1.0
        ],
        "float :LifeTimeMax": 5.0,
        "float :PositionZ": 0.0,
        "int32_t :HpMax": 1
    }
}
