{
    "Vector3 :SpriteScale": [
        0.20000000298023224,
        0.20000000298023224,
        1.0
    ],
    "float :Acceleration": -0.15000000596046448,
    "float :ColliderRadius": 12.0,
    "float :InitialSpeed": 15.0,
    "float :PositionZ": 0.0
}
